date,avg_temperature_c,avg_wind_speed_kmh,rain_mm
10/3/2024,18.5,5.8,0
10/4/2024,19.9,4.3,0
10/5/2024,19.6,4.7,2.6
10/6/2024,18.3,6.4,0
10/7/2024,17.5,9,0
10/8/2024,17.2,6,0
10/9/2024,18.1,8,0
10/10/2024,19.9,6.9,0
10/11/2024,20.6,7.7,0
10/12/2024,19.8,8.4,0
10/13/2024,18.1,5.8,0
10/14/2024,17.6,4.8,0
10/15/2024,17.8,5.3,0
10/16/2024,19.6,10.3,0
10/17/2024,19.1,23.5,0
10/18/2024,16.5,21.2,0
10/19/2024,15.4,24,0
10/22/2024,16.4,12.1,0
10/23/2024,15.7,7.9,0
10/24/2024,17.7,14.3,0
10/25/2024,16.6,10,0
10/26/2024,16.7,10.6,0
10/27/2024,14.4,4.5,0
10/28/2024,13.5,3.2,0
10/29/2024,14.9,3.9,0
10/30/2024,17.7,12.6,0
10/31/2024,17.7,18.5,0
11/1/2024,17.7,15.9,0
11/2/2024,14.1,3.7,0
11/3/2024,15.6,15.9,0
11/4/2024,14.4,6.8,0
11/5/2024,14.6,20.1,0
11/6/2024,13,14.2,0
11/7/2024,14.4,21.9,0
11/8/2024,13.7,16.1,0
11/9/2024,15.3,21.2,0
11/10/2024,12.1,12.7,0
11/11/2024,10.7,10.1,3.4
11/12/2024,11.2,27.5,21
11/13/2024,12.8,10.5,14.6
11/16/2024,11.2,15.1,0
11/17/2024,10.4,7.9,0
11/18/2024,12.8,7.7,0
11/19/2024,11.9,4.7,0
11/20/2024,14.4,9.2,1
11/21/2024,15.2,14.6,0.6
11/23/2024,8.7,12.6,1
11/24/2024,6.6,11.6,1
11/25/2024,6.4,4.7,0.6
11/26/2024,8.6,5.6,0.6
11/28/2024,10.8,4.5,0
11/29/2024,13,4.2,4
11/30/2024,10.3,4.2,29.4
12/1/2024,8.9,6.1,21
12/2/2024,9.5,14.3,12.4
12/3/2024,10.7,8.7,5.2
12/5/2024,11.5,25.9,0.4
12/6/2024,12.3,17.2,0
12/7/2024,10.4,4.8,37.4
12/8/2024,10.5,4.5,11.4
12/9/2024,12.3,12.6,8.8
12/10/2024,10.2,4.8,4.4
12/11/2024,9.4,4.7,2.2
12/12/2024,9.3,7.2,0
12/13/2024,8,4.5,0
12/14/2024,8.4,6.1,0
12/15/2024,10.2,6.1,29.2
12/16/2024,8.4,10.1,0.2
12/17/2024,7.2,5,0
12/18/2024,9.1,3.5,0
12/19/2024,9.3,6.3,0
12/20/2024,12.5,10.5,1.4
12/21/2024,8.3,9.7,14.2
12/22/2024,8,7.4,4.4
12/23/2024,8.6,8.9,18.2
12/24/2024,6.1,7.1,2.8
12/25/2024,7.3,9,0
12/26/2024,9.2,20.4,0
12/27/2024,9.1,22.2,0
12/28/2024,6.9,13.4,0
12/29/2024,6.7,8.5,0
12/30/2024,5.8,4.2,0
12/31/2024,6.3,2.7,0
1/1/2025,6.6,2.9,0
1/3/2025,9,6.3,0
1/4/2025,10.9,5.3,0
1/5/2025,9.1,6.1,0
1/6/2025,10.3,8,0
1/7/2025,11.8,4.2,0
1/8/2025,11.2,4,0
1/9/2025,11.3,4.3,0
1/10/2025,12.1,8.4,0.2
1/11/2025,11.7,8.2,1.8
1/12/2025,11.6,7.4,4
1/13/2025,6.6,45.2,18.8
1/14/2025,5.5,40.9,10.8
1/15/2025,6.5,21.4,12.8
1/16/2025,8.3,38,0
1/18/2025,10.6,21.9,0.4
1/19/2025,8,6.3,0
1/20/2025,9.4,13.2,2.4
1/21/2025,9.1,9.2,12.8
1/23/2025,9.7,6.3,0
1/24/2025,11.4,5.5,0
1/25/2025,9.9,5.6,0
1/26/2025,10,5.3,0
1/27/2025,11.2,7.9,0
1/28/2025,10.5,6.9,0
1/29/2025,11.2,4,0
1/30/2025,10,6,12.6
1/31/2025,10.9,7.6,0.2
2/1/2025,9.1,4.5,0
2/2/2025,10.7,10.5,0
2/3/2025,10.1,10.1,3.8
2/4/2025,8.7,19.2,11.6
2/5/2025,7.8,21.1,0
2/6/2025,7.6,26.1,0
2/7/2025,5.7,30.6,0
2/8/2025,5.4,32,0
2/9/2025,5.7,26.4,0
2/10/2025,5.3,21.9,0
2/11/2025,5.3,12.7,0
2/12/2025,6.4,16.6,0.6
2/15/2025,8.1,5,1.6
2/16/2025,8.8,15.1,3
2/17/2025,9.6,7.4,0.4
2/18/2025,9.7,5.5,0
2/19/2025,7.7,15.3,0
2/20/2025,5.5,21.6,0
2/21/2025,4.9,25.1,0
2/22/2025,3.9,23.3,0
2/23/2025,4.7,7.7,0
2/24/2025,6.1,3.7,0
2/25/2025,8,5.5,0
2/26/2025,9,5.5,0
2/27/2025,8,5.1,7.4
3/1/2025,9.3,5.6,0
3/2/2025,9.4,3.5,0
3/3/2025,8.9,21.4,0
3/4/2025,8.6,23.8,0
3/5/2025,11,23.3,0
3/6/2025,10.9,11.6,0
3/7/2025,10.6,4.8,0
3/8/2025,10,4,0
3/9/2025,9.6,5,0
3/10/2025,11.2,6.1,0
3/11/2025,13.2,9.5,0
3/12/2025,15.9,12.7,0
3/13/2025,15.8,7.9,0
3/14/2025,14.4,5.3,0
3/15/2025,14.2,10.6,0
3/16/2025,14.3,8.4,0
3/17/2025,12.1,15.4,0
3/18/2025,8.8,9.3,5.8
3/19/2025,6.3,26.4,0.2
3/20/2025,6.6,9,0
3/21/2025,8.1,6.6,0
3/22/2025,10.1,8,0
3/23/2025,11.7,7.6,0
3/24/2025,12.7,10.3,0.2
3/25/2025,12.4,6.6,0
3/26/2025,14.1,13.5,0
3/27/2025,14.1,10.9,5.2
3/28/2025,11.4,6,4.8
3/29/2025,9.5,2.9,23.4
3/30/2025,11.2,3.5,2
3/31/2025,11.1,9.8,1.4
4/1/2025,12.2,13.2,0.6
4/2/2025,11.9,6.1,0
4/3/2025,11.1,3.4,0.8
4/4/2025,10.3,6.1,8.2
4/5/2025,10.7,7.1,0.2
4/6/2025,12.5,11.1,0
4/7/2025,10.3,17.9,0.8
4/8/2025,8.7,20.6,0
4/9/2025,8.1,12.2,0
4/10/2025,8.7,9.5,0
4/11/2025,11.1,8.7,0
4/12/2025,12.8,10.1,0
4/13/2025,13.2,11.7,0
4/14/2025,13.4,6.8,0
4/15/2025,13.8,12.2,0
4/16/2025,15.7,16.4,0
4/17/2025,19.6,19.6,0
4/18/2025,14.6,10.5,0
4/19/2025,13.8,10.8,0
4/20/2025,14.3,4.7,0
4/21/2025,15.7,6.1,0
4/22/2025,16.8,11.1,0
4/23/2025,15.1,6.3,0
4/24/2025,14.8,7.7,0
4/25/2025,15.2,8.2,0
4/26/2025,14.8,8.7,0
4/27/2025,13.9,16.3,0
4/28/2025,15.5,34.6,0
4/29/2025,13.7,29.8,0
4/30/2025,15.4,17.1,0
5/1/2025,15.3,6.6,0
5/2/2025,17.6,8.9,0
5/3/2025,17.3,6.3,0
5/4/2025,17.4,10.6,0
5/5/2025,16.8,8.4,0
5/6/2025,18.3,5.8,0
5/7/2025,18.4,6.9,0
5/8/2025,18.9,7.9,0
5/9/2025,18.7,8.5,0
5/10/2025,18.8,5.6,0
5/11/2025,17.1,6.9,0
5/12/2025,16.8,6.1,0
5/13/2025,16.1,8.5,0
5/14/2025,15.7,8.4,0
5/15/2025,16.6,7.1,1
5/16/2025,14.3,9.7,13
5/17/2025,15.6,13.2,1.2
5/18/2025,15.5,9.3,0
5/19/2025,15.7,10,0
5/20/2025,17.3,8.5,0
5/21/2025,18,6.9,0
5/22/2025,18.8,8.7,0
5/23/2025,19.1,6.1,0
5/24/2025,22.1,15.9,0
5/25/2025,17.7,6.4,0
5/26/2025,16.3,9,0
5/27/2025,17.4,9.7,0
5/28/2025,17.3,6.9,0.8
5/29/2025,16.4,8,3.6
5/30/2025,16.7,10.1,0
5/31/2025,18.4,14.5,0
6/1/2025,18.8,7.6,0
6/2/2025,19.7,9.7,0
6/3/2025,19.7,10.9,0
6/4/2025,20.4,8.4,0
6/5/2025,21.2,6.4,0
6/6/2025,21.8,5.5,0
6/7/2025,22.7,5.6,0
6/8/2025,23.3,6.9,0
6/9/2025,24.3,3.9,0
6/10/2025,26.2,14.5,0
6/11/2025,25,11.6,0
6/12/2025,25.2,9,0
6/13/2025,24.2,5.8,0
6/14/2025,24,7.9,0
6/15/2025,23.6,7.7,0
6/16/2025,22.8,6.1,0
6/17/2025,24.1,8.7,0
6/18/2025,24.9,11.6,0
6/19/2025,25.7,9.5,0
6/20/2025,24,6.9,0
6/21/2025,23.8,11.1,0
6/22/2025,24.1,15.4,0
6/23/2025,23,5.8,0
6/24/2025,24.1,7.6,0
6/25/2025,25.1,4.3,0
6/26/2025,26.6,3.5,0
6/27/2025,28.9,8,0
6/28/2025,28.3,14,0
6/29/2025,26.6,18.5,0
6/30/2025,26.6,17.9,0
7/1/2025,26.5,3.7,0
7/2/2025,27.7,14.3,0
7/3/2025,26.1,10.6,0
7/4/2025,26.9,14,0
7/5/2025,27.5,14.6,0
7/6/2025,25.6,6.9,0
7/7/2025,25.4,8.9,0
7/8/2025,26.2,9.3,0
7/9/2025,25.3,13.2,0
7/10/2025,22.8,11.4,0
7/11/2025,22.6,6.6,0
7/12/2025,22.9,6.6,0
7/13/2025,23.9,5.8,0
7/14/2025,24.4,7.7,0
7/15/2025,25.4,5.6,0
7/16/2025,27.7,8.2,0
7/17/2025,25.5,7.9,0
7/18/2025,24.6,10.3,0
7/19/2025,24.4,9.8,0
7/20/2025,25,6.9,0
7/21/2025,26.4,10.1,0
7/22/2025,26.8,9.7,0
7/23/2025,26.3,11.1,0
7/24/2025,26.8,8,0
7/25/2025,28.4,4.2,0
7/26/2025,30.6,13,0
7/27/2025,26.9,9.3,0
7/28/2025,23.8,14.5,0
7/29/2025,23.8,11.3,0
7/30/2025,23.2,11.4,0
7/31/2025,22.6,12.6,0
8/1/2025,23.3,7.6,0
8/2/2025,23.5,7.4,0
8/3/2025,23.8,7.9,0
8/4/2025,23.3,8.7,0
8/5/2025,22.7,9.7,0
8/6/2025,23.4,5.3,0
8/7/2025,26.2,10.5,0
8/8/2025,28.2,25.4,0
8/9/2025,28.9,30.6,0
8/10/2025,30.9,28.3,0
8/11/2025,31.3,29.9,0
8/12/2025,31.2,32.8,0
8/13/2025,29.5,27,0
8/14/2025,25.4,8.9,0
8/15/2025,25.4,11.1,0
8/16/2025,25.7,11.1,0
8/17/2025,24.2,7.2,0
8/18/2025,23.9,7.9,0
8/19/2025,23.6,6.6,0
8/20/2025,24.3,8.9,0
8/21/2025,24.1,8.5,0
8/22/2025,23.9,10.8,0
8/23/2025,24.5,9.2,0
8/24/2025,23.7,6.4,0
8/25/2025,23.6,7.1,0
8/26/2025,23.5,6.6,0
8/27/2025,23.2,7.7,0
8/28/2025,24.7,13.2,0
8/29/2025,23.7,8.7,0
8/30/2025,22.2,8.7,0
8/31/2025,22.7,10.6,0
9/1/2025,22.4,11.3,0
9/2/2025,22.7,7.9,0
9/3/2025,24.3,8,0
9/4/2025,22.7,6,0
9/5/2025,23.4,5.8,0
9/6/2025,23.2,6.1,0
9/7/2025,22.9,7.4,0.2
9/8/2025,21.8,5.5,0
9/9/2025,21.9,7.6,0
9/10/2025,22.1,6.4,0
9/11/2025,23.3,8,0
9/12/2025,24.5,7.7,0
9/13/2025,24.5,10.1,0
9/14/2025,23.1,7.9,0
9/15/2025,22.6,5.5,0
9/16/2025,23.2,7.9,0
9/17/2025,22.5,9.5,0
9/18/2025,23.6,22.5,0
9/19/2025,22.1,23.7,0
9/20/2025,22.7,24.5,0
9/21/2025,23.9,20.3,0
9/22/2025,21.1,8.5,0
9/23/2025,20.5,6.8,0
9/24/2025,20.7,8,0
9/25/2025,21.1,6.8,0
9/26/2025,22.1,18.5,0
9/27/2025,20.7,22.5,0
9/28/2025,16.4,17.1,9.6
9/29/2025,16.6,9.2,5.4
9/30/2025,17.6,6.1,0
10/1/2025,17.3,6.6,0
10/2/2025,15.9,8.4,8.4
10/3/2025,12.2,9,23.6
10/4/2025,12.3,7.2,11.4
10/5/2025,15.7,8.9,0.2
10/6/2025,15.8,5.1,18.4
10/7/2025,11.7,6.3,14.6
10/8/2025,12.1,5.6,0.2
10/9/2025,13.6,6.8,0
10/10/2025,14.9,5.3,0
10/11/2025,15.7,6.6,0
10/12/2025,16.6,12.7,0
10/13/2025,14.6,5,0
10/14/2025,15.6,4,0
10/15/2025,15.9,5,0
10/16/2025,16.2,20.9,0
10/17/2025,15.2,27.4,12.4
10/18/2025,16.1,7.6,2.6
10/19/2025,14.5,3.7,7.6
10/20/2025,15.7,11.1,0.4
10/21/2025,15.6,4,4.2
10/22/2025,13.3,3.7,7
10/23/2025,14.6,3.2,17.8
10/24/2025,17.9,12.6,0
10/25/2025,16.6,7.9,0
10/26/2025,17.1,8.4,0
10/27/2025,17.9,11.7,0
10/28/2025,15.7,7.9,0
10/29/2025,14.2,5.6,0
10/30/2025,13.6,6,0
10/31/2025,14.4,6.6,1
